{
  "swagger": "2.0",
  "info": {
    "title": "user api docs",
    "version": "v0.0.0"
  },
  "tags": [
    {
      "name": "user"
    }
  ],
  "host": "localhost:8080",
  "schemes": [
    "http",
    "https"
  ],
  "consumes": [
    "application/json"
  ],
  "produces": [
    "application/json"
  ],
  "paths": {
    "/api/v1/login": {
      "post": {
        "summary": "登录",
        "description": "登录",
        "operationId": "user_Login",
        "responses": {
          "200": {
            "description": "A successful response.",
            "schema": {
              "$ref": "#/definitions/v1LoginReply"
            }
          },
          "default": {
            "description": "An unexpected error response.",
            "schema": {
              "$ref": "#/definitions/rpcStatus"
            }
          }
        },
        "parameters": [
          {
            "name": "body",
            "in": "body",
            "required": true,
            "schema": {
              "$ref": "#/definitions/v1LoginRequest"
            }
          }
        ],
        "tags": [
          "user"
        ]
      }
    },
    "/api/v1/register": {
      "post": {
        "summary": "注册",
        "description": "注册",
        "operationId": "user_Register",
        "responses": {
          "200": {
            "description": "A successful response.",
            "schema": {
              "$ref": "#/definitions/v1RegisterReply"
            }
          },
          "default": {
            "description": "An unexpected error response.",
            "schema": {
              "$ref": "#/definitions/rpcStatus"
            }
          }
        },
        "parameters": [
          {
            "name": "body",
            "in": "body",
            "required": true,
            "schema": {
              "$ref": "#/definitions/v1RegisterRequest"
            }
          }
        ],
        "tags": [
          "user"
        ]
      }
    }
  },
  "definitions": {
    "protobufAny": {
      "type": "object",
      "properties": {
        "@type": {
          "type": "string"
        }
      },
      "additionalProperties": {}
    },
    "rpcStatus": {
      "type": "object",
      "properties": {
        "code": {
          "type": "integer",
          "format": "int32"
        },
        "message": {
          "type": "string"
        },
        "details": {
          "type": "array",
          "items": {
            "$ref": "#/definitions/protobufAny"
          }
        }
      }
    },
    "v1LoginReply": {
      "type": "object",
      "properties": {
        "token": {
          "type": "string"
        }
      }
    },
    "v1LoginRequest": {
      "type": "object",
      "properties": {
        "email": {
          "type": "string"
        },
        "password": {
          "type": "string"
        }
      }
    },
    "v1RegisterReply": {
      "type": "object",
      "properties": {
        "id": {
          "type": "string",
          "format": "int64"
        }
      }
    },
    "v1RegisterRequest": {
      "type": "object",
      "properties": {
        "email": {
          "type": "string"
        },
        "password": {
          "type": "string"
        }
      }
    }
  }
}
