{
    "schemes": [
        "http",
        "https"
    ],
    "swagger": "2.0",
    "info": {
        "description": "http server api docs",
        "title": "user api docs",
        "contact": {},
        "version": "v0.0.0"
    },
    "host": "localhost:8080",
    "paths": {
        "/api/v1/teacher": {
            "post": {
                "description": "submit information to create teacher",
                "consumes": [
                    "application/json"
                ],
                "produces": [
                    "application/json"
                ],
                "tags": [
                    "teacher"
                ],
                "summary": "create teacher",
                "parameters": [
                    {
                        "description": "teacher information",
                        "name": "data",
                        "in": "body",
                        "required": true,
                        "schema": {
                            "$ref": "#/definitions/types.CreateTeacherRequest"
                        }
                    }
                ],
                "responses": {
                    "200": {
                        "description": "OK",
                        "schema": {
                            "$ref": "#/definitions/types.Result"
                        }
                    }
                }
            }
        },
        "/api/v1/teacher/{id}": {
            "get": {
                "description": "get teacher details by id",
                "consumes": [
                    "application/json"
                ],
                "produces": [
                    "application/json"
                ],
                "tags": [
                    "teacher"
                ],
                "summary": "get teacher details",
                "parameters": [
                    {
                        "type": "string",
                        "description": "id",
                        "name": "id",
                        "in": "path",
                        "required": true
                    }
                ],
                "responses": {
                    "200": {
                        "description": "OK",
                        "schema": {
                            "$ref": "#/definitions/types.Result"
                        }
                    }
                }
            },
            "put": {
                "description": "update teacher information by id",
                "consumes": [
                    "application/json"
                ],
                "produces": [
                    "application/json"
                ],
                "tags": [
                    "teacher"
                ],
                "summary": "update teacher information",
                "parameters": [
                    {
                        "type": "string",
                        "description": "id",
                        "name": "id",
                        "in": "path",
                        "required": true
                    },
                    {
                        "description": "teacher information",
                        "name": "data",
                        "in": "body",
                        "required": true,
                        "schema": {
                            "$ref": "#/definitions/types.UpdateTeacherByIDRequest"
                        }
                    }
                ],
                "responses": {
                    "200": {
                        "description": "OK",
                        "schema": {
                            "$ref": "#/definitions/types.Result"
                        }
                    }
                }
            },
            "delete": {
                "description": "delete teacher by id",
                "consumes": [
                    "application/json"
                ],
                "produces": [
                    "application/json"
                ],
                "tags": [
                    "teacher"
                ],
                "summary": "delete teacher",
                "parameters": [
                    {
                        "type": "string",
                        "description": "id",
                        "name": "id",
                        "in": "path",
                        "required": true
                    }
                ],
                "responses": {
                    "200": {
                        "description": "OK",
                        "schema": {
                            "$ref": "#/definitions/types.Result"
                        }
                    }
                }
            }
        },
        "/api/v1/teachers": {
            "post": {
                "description": "paging and conditional fetching of teachers lists using post requests",
                "consumes": [
                    "application/json"
                ],
                "produces": [
                    "application/json"
                ],
                "tags": [
                    "teacher"
                ],
                "summary": "get a list of teachers",
                "parameters": [
                    {
                        "description": "query parameters",
                        "name": "data",
                        "in": "body",
                        "required": true,
                        "schema": {
                            "$ref": "#/definitions/types.Params"
                        }
                    }
                ],
                "responses": {
                    "200": {
                        "description": "OK",
                        "schema": {
                            "$ref": "#/definitions/types.Result"
                        }
                    }
                }
            }
        },
        "/api/v1/teachers/delete/ids": {
            "post": {
                "description": "delete teachers by multiple id using a post request",
                "consumes": [
                    "application/json"
                ],
                "produces": [
                    "application/json"
                ],
                "tags": [
                    "teacher"
                ],
                "summary": "delete teachers by multiple id",
                "parameters": [
                    {
                        "description": "id array",
                        "name": "data",
                        "in": "body",
                        "required": true,
                        "schema": {
                            "$ref": "#/definitions/types.DeleteTeachersByIDsRequest"
                        }
                    }
                ],
                "responses": {
                    "200": {
                        "description": "OK",
                        "schema": {
                            "$ref": "#/definitions/types.Result"
                        }
                    }
                }
            }
        },
        "/api/v1/teachers/ids": {
            "post": {
                "description": "get teachers by multiple id using a post request",
                "consumes": [
                    "application/json"
                ],
                "produces": [
                    "application/json"
                ],
                "tags": [
                    "teacher"
                ],
                "summary": "get teachers by multiple id",
                "parameters": [
                    {
                        "description": "id array",
                        "name": "data",
                        "in": "body",
                        "required": true,
                        "schema": {
                            "$ref": "#/definitions/types.GetTeachersByIDsRequest"
                        }
                    }
                ],
                "responses": {
                    "200": {
                        "description": "OK",
                        "schema": {
                            "$ref": "#/definitions/types.Result"
                        }
                    }
                }
            }
        }
    },
    "definitions": {
        "types.Column": {
            "type": "object",
            "properties": {
                "exp": {
                    "description": "expressions, which default to = when the value is null, have =, ! =, \u003e, \u003e=, \u003c, \u003c=, like",
                    "type": "string"
                },
                "logic": {
                    "description": "logical type, defaults to and when value is null, only \u0026(and), ||(or)",
                    "type": "string"
                },
                "name": {
                    "description": "column name",
                    "type": "string"
                },
                "value": {
                    "description": "column value"
                }
            }
        },
        "types.CreateTeacherRequest": {
            "type": "object",
            "properties": {
                "age": {
                    "description": "年龄",
                    "type": "integer"
                },
                "avatar": {
                    "description": "头像",
                    "type": "string"
                },
                "birthday": {
                    "description": "出生日期",
                    "type": "string"
                },
                "college": {
                    "description": "学院",
                    "type": "string"
                },
                "email": {
                    "description": "邮件",
                    "type": "string"
                },
                "gender": {
                    "description": "性别，1:男，2:女，其他值:未知",
                    "type": "integer"
                },
                "name": {
                    "description": "用户名",
                    "type": "string"
                },
                "password": {
                    "description": "密码",
                    "type": "string"
                },
                "phone": {
                    "description": "手机号码",
                    "type": "string"
                },
                "profile": {
                    "description": "个人简介",
                    "type": "string"
                },
                "school_name": {
                    "description": "学校名称",
                    "type": "string"
                },
                "title": {
                    "description": "职称",
                    "type": "string"
                }
            }
        },
        "types.DeleteTeachersByIDsRequest": {
            "type": "object",
            "properties": {
                "ids": {
                    "description": "id list",
                    "type": "array",
                    "minItems": 1,
                    "items": {
                        "type": "integer"
                    }
                }
            }
        },
        "types.GetTeachersByIDsRequest": {
            "type": "object",
            "properties": {
                "ids": {
                    "description": "id list",
                    "type": "array",
                    "minItems": 1,
                    "items": {
                        "type": "integer"
                    }
                }
            }
        },
        "types.Params": {
            "type": "object",
            "properties": {
                "columns": {
                    "description": "query conditions",
                    "type": "array",
                    "items": {
                        "$ref": "#/definitions/types.Column"
                    }
                },
                "page": {
                    "description": "page number, starting from page 0",
                    "type": "integer",
                    "minimum": 0
                },
                "size": {
                    "description": "lines per page",
                    "type": "integer"
                },
                "sort": {
                    "description": "sorted fields, multi-column sorting separated by commas",
                    "type": "string"
                }
            }
        },
        "types.Result": {
            "type": "object",
            "properties": {
                "code": {
                    "description": "return code",
                    "type": "integer"
                },
                "data": {
                    "description": "return data"
                },
                "msg": {
                    "description": "return information description",
                    "type": "string"
                }
            }
        },
        "types.UpdateTeacherByIDRequest": {
            "type": "object",
            "properties": {
                "age": {
                    "description": "年龄",
                    "type": "integer"
                },
                "avatar": {
                    "description": "头像",
                    "type": "string"
                },
                "birthday": {
                    "description": "出生日期",
                    "type": "string"
                },
                "college": {
                    "description": "学院",
                    "type": "string"
                },
                "email": {
                    "description": "邮件",
                    "type": "string"
                },
                "gender": {
                    "description": "性别，1:男，2:女，其他值:未知",
                    "type": "integer"
                },
                "id": {
                    "description": "uint64 id",
                    "type": "integer"
                },
                "name": {
                    "description": "用户名",
                    "type": "string"
                },
                "password": {
                    "description": "密码",
                    "type": "string"
                },
                "phone": {
                    "description": "手机号码",
                    "type": "string"
                },
                "profile": {
                    "description": "个人简介",
                    "type": "string"
                },
                "school_name": {
                    "description": "学校名称",
                    "type": "string"
                },
                "title": {
                    "description": "职称",
                    "type": "string"
                }
            }
        }
    }
}