{
  "swagger": "2.0",
  "info": {
    "title": "eshop api docs",
    "version": "v0.0.0"
  },
  "tags": [
    {
      "name": "ShopGw"
    }
  ],
  "host": "localhost:8080",
  "schemes": [
    "http",
    "https"
  ],
  "consumes": [
    "application/json"
  ],
  "produces": [
    "application/json"
  ],
  "paths": {
    "/api/v1/detail": {
      "get": {
        "summary": "get detail",
        "description": "get detail from product id",
        "operationId": "ShopGw_GetDetailsByProductID",
        "responses": {
          "200": {
            "description": "A successful response.",
            "schema": {
              "$ref": "#/definitions/v1GetDetailsByProductIDReply"
            }
          },
          "default": {
            "description": "An unexpected error response.",
            "schema": {
              "$ref": "#/definitions/rpcStatus"
            }
          }
        },
        "parameters": [
          {
            "name": "productID",
            "in": "query",
            "required": false,
            "type": "string",
            "format": "int64"
          }
        ],
        "tags": [
          "shopgw"
        ]
      }
    }
  },
  "definitions": {
    "protobufAny": {
      "type": "object",
      "properties": {
        "@type": {
          "type": "string"
        }
      },
      "additionalProperties": {}
    },
    "rpcStatus": {
      "type": "object",
      "properties": {
        "code": {
          "type": "integer",
          "format": "int32"
        },
        "message": {
          "type": "string"
        },
        "details": {
          "type": "array",
          "items": {
            "$ref": "#/definitions/protobufAny"
          }
        }
      }
    },
    "v1CommentDetail": {
      "type": "object",
      "properties": {
        "id": {
          "type": "string",
          "format": "int64"
        },
        "username": {
          "type": "string"
        },
        "content": {
          "type": "string"
        }
      }
    },
    "v1GetDetailsByProductIDReply": {
      "type": "object",
      "properties": {
        "productDetail": {
          "$ref": "#/definitions/v1ProductDetail"
        },
        "inventoryDetail": {
          "$ref": "#/definitions/v1InventoryDetail"
        },
        "commentDetails": {
          "type": "array",
          "items": {
            "$ref": "#/definitions/v1CommentDetail"
          }
        }
      }
    },
    "v1InventoryDetail": {
      "type": "object",
      "properties": {
        "id": {
          "type": "string",
          "format": "int64"
        },
        "num": {
          "type": "number",
          "format": "float"
        },
        "soldNum": {
          "type": "integer",
          "format": "int32"
        }
      }
    },
    "v1ProductDetail": {
      "type": "object",
      "properties": {
        "id": {
          "type": "string",
          "format": "int64"
        },
        "name": {
          "type": "string"
        },
        "price": {
          "type": "number",
          "format": "float"
        },
        "description": {
          "type": "string"
        }
      }
    }
  }
}
